{"mae": 15.53102241128177, "rmse": 20.57085320460639, "r2": 0.8951415643842591}